source,target,weight
,,494
Acacias,,0
Actipan,,2
Ampliacion Granada,,800
Ampliacion Napoles,,5
Anzures,,12
Bosque de Chapultepec,,12
Buenavista,,81
Centro,,1488
Ciudad de los Deportes,,1
Condesa,,33
Cuauhtemoc,,315
Del Valle Centro,,5
Del Valle Norte,,24
Del Valle Sur,,2
Doctores,,227
Escandon,,6
Extremadura Insurgentes,,1
General Pedro Maria Anaya,,2
Granada,,1
Hipodromo,,54
Hipodromo Condesa,,11
Insurgentes Mixcoac,,3
Insurgentes San Borja,,2
Juarez,,1097
Letran Valle,,12
Napoles,,8
Narvarte Poniente,,83
Noche Buena,,1
Polanco,,179
Portales Norte,,1
Residencial Emperadores,,6
Roma Norte,,667
Roma Sur,,33
San Miguel Chapultepec,,46
San Pedro de los Pinos,,3
San Rafael,,93
Santa Cruz Atoyac,,6
Santa Maria Nonoalco,,1
Tabacalera,,110
Tlacoquemecatl,,1
Xoco,,0
,Acacias,0
Acacias,Acacias,2818
Actipan,Acacias,1476
Ampliacion Granada,Acacias,4042
Ampliacion Napoles,Acacias,62
Anzures,Acacias,26
Bosque de Chapultepec,Acacias,33
Buenavista,Acacias,22
Centro,Acacias,88
Ciudad de los Deportes,Acacias,144
Condesa,Acacias,113
Cuauhtemoc,Acacias,189
Del Valle Centro,Acacias,972
Del Valle Norte,Acacias,946
Del Valle Sur,Acacias,7553
Doctores,Acacias,11
Escandon,Acacias,336
Extremadura Insurgentes,Acacias,203
General Pedro Maria Anaya,Acacias,688
Granada,Acacias,1
Hipodromo,Acacias,439
Hipodromo Condesa,Acacias,57
Insurgentes Mixcoac,Acacias,1295
Insurgentes San Borja,Acacias,460
Juarez,Acacias,213
Letran Valle,Acacias,145
Napoles,Acacias,262
Narvarte Poniente,Acacias,642
Noche Buena,Acacias,60
Polanco,Acacias,41
Portales Norte,Acacias,100
Residencial Emperadores,Acacias,37
Roma Norte,Acacias,363
Roma Sur,Acacias,207
San Miguel Chapultepec,Acacias,86
San Pedro de los Pinos,Acacias,142
San Rafael,Acacias,5
Santa Cruz Atoyac,Acacias,478
Santa Maria Nonoalco,Acacias,112
Tabacalera,Acacias,6
Tlacoquemecatl,Acacias,1706
Xoco,Acacias,186
,Actipan,0
Acacias,Actipan,1199
Actipan,Actipan,1246
Ampliacion Granada,Actipan,2475
Ampliacion Napoles,Actipan,144
Anzures,Actipan,20
Bosque de Chapultepec,Actipan,5
Buenavista,Actipan,79
Centro,Actipan,22
Ciudad de los Deportes,Actipan,90
Condesa,Actipan,52
Cuauhtemoc,Actipan,77
Del Valle Centro,Actipan,1287
Del Valle Norte,Actipan,816
Del Valle Sur,Actipan,6555
Doctores,Actipan,5
Escandon,Actipan,132
Extremadura Insurgentes,Actipan,159
General Pedro Maria Anaya,Actipan,503
Granada,Actipan,2
Hipodromo,Actipan,272
Hipodromo Condesa,Actipan,18
Insurgentes Mixcoac,Actipan,1284
Insurgentes San Borja,Actipan,159
Juarez,Actipan,360
Letran Valle,Actipan,210
Napoles,Actipan,249
Narvarte Poniente,Actipan,492
Noche Buena,Actipan,117
Polanco,Actipan,36
Portales Norte,Actipan,96
Residencial Emperadores,Actipan,113
Roma Norte,Actipan,334
Roma Sur,Actipan,81
San Miguel Chapultepec,Actipan,55
San Pedro de los Pinos,Actipan,343
San Rafael,Actipan,14
Santa Cruz Atoyac,Actipan,947
Santa Maria Nonoalco,Actipan,123
Tabacalera,Actipan,15
Tlacoquemecatl,Actipan,1216
Xoco,Actipan,185
,Ampliacion Granada,929
Acacias,Ampliacion Granada,4465
Actipan,Ampliacion Granada,2665
Ampliacion Granada,Ampliacion Granada,370474
Ampliacion Napoles,Ampliacion Granada,6562
Anzures,Ampliacion Granada,16644
Bosque de Chapultepec,Ampliacion Granada,23559
Buenavista,Ampliacion Granada,39174
Centro,Ampliacion Granada,91393
Ciudad de los Deportes,Ampliacion Granada,7700
Condesa,Ampliacion Granada,55528
Cuauhtemoc,Ampliacion Granada,101680
Del Valle Centro,Ampliacion Granada,19683
Del Valle Norte,Ampliacion Granada,30745
Del Valle Sur,Ampliacion Granada,25165
Doctores,Ampliacion Granada,6700
Escandon,Ampliacion Granada,35136
Extremadura Insurgentes,Ampliacion Granada,3452
General Pedro Maria Anaya,Ampliacion Granada,7040
Granada,Ampliacion Granada,11266
Hipodromo,Ampliacion Granada,100040
Hipodromo Condesa,Ampliacion Granada,16047
Insurgentes Mixcoac,Ampliacion Granada,11254
Insurgentes San Borja,Ampliacion Granada,3324
Juarez,Ampliacion Granada,147425
Letran Valle,Ampliacion Granada,2111
Napoles,Ampliacion Granada,25671
Narvarte Poniente,Ampliacion Granada,23267
Noche Buena,Ampliacion Granada,1833
Polanco,Ampliacion Granada,134159
Portales Norte,Ampliacion Granada,1081
Residencial Emperadores,Ampliacion Granada,1416
Roma Norte,Ampliacion Granada,135219
Roma Sur,Ampliacion Granada,34169
San Miguel Chapultepec,Ampliacion Granada,21067
San Pedro de los Pinos,Ampliacion Granada,17939
San Rafael,Ampliacion Granada,62440
Santa Cruz Atoyac,Ampliacion Granada,5034
Santa Maria Nonoalco,Ampliacion Granada,5452
Tabacalera,Ampliacion Granada,27050
Tlacoquemecatl,Ampliacion Granada,11116
Xoco,Ampliacion Granada,2645
,Ampliacion Napoles,2
Acacias,Ampliacion Napoles,121
Actipan,Ampliacion Napoles,133
Ampliacion Granada,Ampliacion Napoles,6894
Ampliacion Napoles,Ampliacion Napoles,1843
Anzures,Ampliacion Napoles,97
Bosque de Chapultepec,Ampliacion Napoles,19
Buenavista,Ampliacion Napoles,258
Centro,Ampliacion Napoles,114
Ciudad de los Deportes,Ampliacion Napoles,715
Condesa,Ampliacion Napoles,477
Cuauhtemoc,Ampliacion Napoles,600
Del Valle Centro,Ampliacion Napoles,1238
Del Valle Norte,Ampliacion Napoles,1712
Del Valle Sur,Ampliacion Napoles,1987
Doctores,Ampliacion Napoles,8
Escandon,Ampliacion Napoles,1644
Extremadura Insurgentes,Ampliacion Napoles,332
General Pedro Maria Anaya,Ampliacion Napoles,34
Granada,Ampliacion Napoles,7
Hipodromo,Ampliacion Napoles,1627
Hipodromo Condesa,Ampliacion Napoles,210
Insurgentes Mixcoac,Ampliacion Napoles,1075
Insurgentes San Borja,Ampliacion Napoles,173
Juarez,Ampliacion Napoles,397
Letran Valle,Ampliacion Napoles,73
Napoles,Ampliacion Napoles,4860
Narvarte Poniente,Ampliacion Napoles,1671
Noche Buena,Ampliacion Napoles,150
Polanco,Ampliacion Napoles,148
Portales Norte,Ampliacion Napoles,36
Residencial Emperadores,Ampliacion Napoles,55
Roma Norte,Ampliacion Napoles,1007
Roma Sur,Ampliacion Napoles,497
San Miguel Chapultepec,Ampliacion Napoles,334
San Pedro de los Pinos,Ampliacion Napoles,5522
San Rafael,Ampliacion Napoles,73
Santa Cruz Atoyac,Ampliacion Napoles,230
Santa Maria Nonoalco,Ampliacion Napoles,1358
Tabacalera,Ampliacion Napoles,29
Tlacoquemecatl,Ampliacion Napoles,1219
Xoco,Ampliacion Napoles,39
,Anzures,20
Acacias,Anzures,12
Actipan,Anzures,79
Ampliacion Granada,Anzures,18978
Ampliacion Napoles,Anzures,53
Anzures,Anzures,11783
Bosque de Chapultepec,Anzures,3082
Buenavista,Anzures,2585
Centro,Anzures,2018
Ciudad de los Deportes,Anzures,25
Condesa,Anzures,1234
Cuauhtemoc,Anzures,4727
Del Valle Centro,Anzures,153
Del Valle Norte,Anzures,437
Del Valle Sur,Anzures,55
Doctores,Anzures,130
Escandon,Anzures,814
Extremadura Insurgentes,Anzures,6
General Pedro Maria Anaya,Anzures,10
Granada,Anzures,1055
Hipodromo,Anzures,2473
Hipodromo Condesa,Anzures,280
Insurgentes Mixcoac,Anzures,264
Insurgentes San Borja,Anzures,7
Juarez,Anzures,6761
Letran Valle,Anzures,15
Napoles,Anzures,398
Narvarte Poniente,Anzures,466
Noche Buena,Anzures,1
Polanco,Anzures,25379
Portales Norte,Anzures,32
Residencial Emperadores,Anzures,2
Roma Norte,Anzures,3920
Roma Sur,Anzures,1036
San Miguel Chapultepec,Anzures,1196
San Pedro de los Pinos,Anzures,187
San Rafael,Anzures,1761
Santa Cruz Atoyac,Anzures,18
Santa Maria Nonoalco,Anzures,11
Tabacalera,Anzures,400
Tlacoquemecatl,Anzures,25
Xoco,Anzures,10
,Bosque de Chapultepec,14
Acacias,Bosque de Chapultepec,8
Actipan,Bosque de Chapultepec,35
Ampliacion Granada,Bosque de Chapultepec,21823
Ampliacion Napoles,Bosque de Chapultepec,28
Anzures,Bosque de Chapultepec,2323
Bosque de Chapultepec,Bosque de Chapultepec,11943
Buenavista,Bosque de Chapultepec,936
Centro,Bosque de Chapultepec,3971
Ciudad de los Deportes,Bosque de Chapultepec,21
Condesa,Bosque de Chapultepec,2206
Cuauhtemoc,Bosque de Chapultepec,9337
Del Valle Centro,Bosque de Chapultepec,71
Del Valle Norte,Bosque de Chapultepec,330
Del Valle Sur,Bosque de Chapultepec,34
Doctores,Bosque de Chapultepec,167
Escandon,Bosque de Chapultepec,736
Extremadura Insurgentes,Bosque de Chapultepec,11
General Pedro Maria Anaya,Bosque de Chapultepec,1
Granada,Bosque de Chapultepec,579
Hipodromo,Bosque de Chapultepec,2347
Hipodromo Condesa,Bosque de Chapultepec,646
Insurgentes Mixcoac,Bosque de Chapultepec,112
Insurgentes San Borja,Bosque de Chapultepec,15
Juarez,Bosque de Chapultepec,7572
Letran Valle,Bosque de Chapultepec,21
Napoles,Bosque de Chapultepec,239
Narvarte Poniente,Bosque de Chapultepec,527
Noche Buena,Bosque de Chapultepec,3
Polanco,Bosque de Chapultepec,12760
Portales Norte,Bosque de Chapultepec,8
Residencial Emperadores,Bosque de Chapultepec,10
Roma Norte,Bosque de Chapultepec,4713
Roma Sur,Bosque de Chapultepec,643
San Miguel Chapultepec,Bosque de Chapultepec,1830
San Pedro de los Pinos,Bosque de Chapultepec,172
San Rafael,Bosque de Chapultepec,1621
Santa Cruz Atoyac,Bosque de Chapultepec,12
Santa Maria Nonoalco,Bosque de Chapultepec,13
Tabacalera,Bosque de Chapultepec,994
Tlacoquemecatl,Bosque de Chapultepec,12
Xoco,Bosque de Chapultepec,4
,Buenavista,82
Acacias,Buenavista,23
Actipan,Buenavista,88
Ampliacion Granada,Buenavista,50886
Ampliacion Napoles,Buenavista,334
Anzures,Buenavista,3160
Bosque de Chapultepec,Buenavista,2304
Buenavista,Buenavista,3053
Centro,Buenavista,19287
Ciudad de los Deportes,Buenavista,281
Condesa,Buenavista,2072
Cuauhtemoc,Buenavista,23037
Del Valle Centro,Buenavista,172
Del Valle Norte,Buenavista,1453
Del Valle Sur,Buenavista,159
Doctores,Buenavista,760
Escandon,Buenavista,1172
Extremadura Insurgentes,Buenavista,0
General Pedro Maria Anaya,Buenavista,31
Granada,Buenavista,2449
Hipodromo,Buenavista,4124
Hipodromo Condesa,Buenavista,611
Insurgentes Mixcoac,Buenavista,162
Insurgentes San Borja,Buenavista,146
Juarez,Buenavista,42374
Letran Valle,Buenavista,34
Napoles,Buenavista,2413
Narvarte Poniente,Buenavista,826
Noche Buena,Buenavista,61
Polanco,Buenavista,13925
Portales Norte,Buenavista,9
Residencial Emperadores,Buenavista,5
Roma Norte,Buenavista,13243
Roma Sur,Buenavista,1089
San Miguel Chapultepec,Buenavista,834
San Pedro de los Pinos,Buenavista,270
San Rafael,Buenavista,11161
Santa Cruz Atoyac,Buenavista,65
Santa Maria Nonoalco,Buenavista,87
Tabacalera,Buenavista,13337
Tlacoquemecatl,Buenavista,225
Xoco,Buenavista,7
,Centro,1788
Acacias,Centro,63
Actipan,Centro,62
Ampliacion Granada,Centro,100589
Ampliacion Napoles,Centro,207
Anzures,Centro,3590
Bosque de Chapultepec,Centro,6592
Buenavista,Centro,13115
Centro,Centro,164721
Ciudad de los Deportes,Centro,207
Condesa,Centro,4476
Cuauhtemoc,Centro,41981
Del Valle Centro,Centro,388
Del Valle Norte,Centro,2059
Del Valle Sur,Centro,331
Doctores,Centro,9770
Escandon,Centro,2502
Extremadura Insurgentes,Centro,24
General Pedro Maria Anaya,Centro,106
Granada,Centro,1264
Hipodromo,Centro,6168
Hipodromo Condesa,Centro,1054
Insurgentes Mixcoac,Centro,294
Insurgentes San Borja,Centro,48
Juarez,Centro,103847
Letran Valle,Centro,142
Napoles,Centro,1036
Narvarte Poniente,Centro,2631
Noche Buena,Centro,46
Polanco,Centro,21476
Portales Norte,Centro,53
Residencial Emperadores,Centro,107
Roma Norte,Centro,35465
Roma Sur,Centro,4422
San Miguel Chapultepec,Centro,2200
San Pedro de los Pinos,Centro,452
San Rafael,Centro,18363
Santa Cruz Atoyac,Centro,315
Santa Maria Nonoalco,Centro,91
Tabacalera,Centro,21373
Tlacoquemecatl,Centro,164
Xoco,Centro,98
,Ciudad de los Deportes,1
Acacias,Ciudad de los Deportes,123
Actipan,Ciudad de los Deportes,137
Ampliacion Granada,Ciudad de los Deportes,5989
Ampliacion Napoles,Ciudad de los Deportes,569
Anzures,Ciudad de los Deportes,17
Bosque de Chapultepec,Ciudad de los Deportes,10
Buenavista,Ciudad de los Deportes,6
Centro,Ciudad de los Deportes,49
Ciudad de los Deportes,Ciudad de los Deportes,2981
Condesa,Ciudad de los Deportes,354
Cuauhtemoc,Ciudad de los Deportes,74
Del Valle Centro,Ciudad de los Deportes,823
Del Valle Norte,Ciudad de los Deportes,677
Del Valle Sur,Ciudad de los Deportes,2145
Doctores,Ciudad de los Deportes,5
Escandon,Ciudad de los Deportes,472
Extremadura Insurgentes,Ciudad de los Deportes,961
General Pedro Maria Anaya,Ciudad de los Deportes,48
Granada,Ciudad de los Deportes,2
Hipodromo,Ciudad de los Deportes,454
Hipodromo Condesa,Ciudad de los Deportes,98
Insurgentes Mixcoac,Ciudad de los Deportes,2809
Insurgentes San Borja,Ciudad de los Deportes,276
Juarez,Ciudad de los Deportes,168
Letran Valle,Ciudad de los Deportes,75
Napoles,Ciudad de los Deportes,2440
Narvarte Poniente,Ciudad de los Deportes,311
Noche Buena,Ciudad de los Deportes,1285
Polanco,Ciudad de los Deportes,85
Portales Norte,Ciudad de los Deportes,23
Residencial Emperadores,Ciudad de los Deportes,18
Roma Norte,Ciudad de los Deportes,398
Roma Sur,Ciudad de los Deportes,177
San Miguel Chapultepec,Ciudad de los Deportes,164
San Pedro de los Pinos,Ciudad de los Deportes,1062
San Rafael,Ciudad de los Deportes,13
Santa Cruz Atoyac,Ciudad de los Deportes,354
Santa Maria Nonoalco,Ciudad de los Deportes,3450
Tabacalera,Ciudad de los Deportes,29
Tlacoquemecatl,Ciudad de los Deportes,1104
Xoco,Ciudad de los Deportes,39
,Condesa,32
Acacias,Condesa,71
Actipan,Condesa,92
Ampliacion Granada,Condesa,52215
Ampliacion Napoles,Condesa,636
Anzures,Condesa,1461
Bosque de Chapultepec,Condesa,2416
Buenavista,Condesa,1385
Centro,Condesa,3115
Ciudad de los Deportes,Condesa,348
Condesa,Condesa,38756
Cuauhtemoc,Condesa,6934
Del Valle Centro,Condesa,618
Del Valle Norte,Condesa,2476
Del Valle Sur,Condesa,506
Doctores,Condesa,330
Escandon,Condesa,6303
Extremadura Insurgentes,Condesa,312
General Pedro Maria Anaya,Condesa,103
Granada,Condesa,767
Hipodromo,Condesa,54084
Hipodromo Condesa,Condesa,8380
Insurgentes Mixcoac,Condesa,995
Insurgentes San Borja,Condesa,62
Juarez,Condesa,17622
Letran Valle,Condesa,304
Napoles,Condesa,2690
Narvarte Poniente,Condesa,1329
Noche Buena,Condesa,96
Polanco,Condesa,10923
Portales Norte,Condesa,35
Residencial Emperadores,Condesa,36
Roma Norte,Condesa,49712
Roma Sur,Condesa,6629
San Miguel Chapultepec,Condesa,10291
San Pedro de los Pinos,Condesa,1809
San Rafael,Condesa,1754
Santa Cruz Atoyac,Condesa,111
Santa Maria Nonoalco,Condesa,198
Tabacalera,Condesa,622
Tlacoquemecatl,Condesa,271
Xoco,Condesa,37
,Cuauhtemoc,267
Acacias,Cuauhtemoc,139
Actipan,Cuauhtemoc,105
Ampliacion Granada,Cuauhtemoc,118975
Ampliacion Napoles,Cuauhtemoc,289
Anzures,Cuauhtemoc,6420
Bosque de Chapultepec,Cuauhtemoc,7325
Buenavista,Cuauhtemoc,25084
Centro,Cuauhtemoc,40064
Ciudad de los Deportes,Cuauhtemoc,173
Condesa,Cuauhtemoc,6022
Cuauhtemoc,Cuauhtemoc,83208
Del Valle Centro,Cuauhtemoc,477
Del Valle Norte,Cuauhtemoc,1711
Del Valle Sur,Cuauhtemoc,350
Doctores,Cuauhtemoc,2291
Escandon,Cuauhtemoc,2435
Extremadura Insurgentes,Cuauhtemoc,72
General Pedro Maria Anaya,Cuauhtemoc,32
Granada,Cuauhtemoc,1491
Hipodromo,Cuauhtemoc,10609
Hipodromo Condesa,Cuauhtemoc,2124
Insurgentes Mixcoac,Cuauhtemoc,500
Insurgentes San Borja,Cuauhtemoc,34
Juarez,Cuauhtemoc,84162
Letran Valle,Cuauhtemoc,66
Napoles,Cuauhtemoc,1357
Narvarte Poniente,Cuauhtemoc,1707
Noche Buena,Cuauhtemoc,29
Polanco,Cuauhtemoc,22440
Portales Norte,Cuauhtemoc,51
Residencial Emperadores,Cuauhtemoc,23
Roma Norte,Cuauhtemoc,32855
Roma Sur,Cuauhtemoc,4391
San Miguel Chapultepec,Cuauhtemoc,2546
San Pedro de los Pinos,Cuauhtemoc,572
San Rafael,Cuauhtemoc,29660
Santa Cruz Atoyac,Cuauhtemoc,135
Santa Maria Nonoalco,Cuauhtemoc,162
Tabacalera,Cuauhtemoc,13308
Tlacoquemecatl,Cuauhtemoc,152
Xoco,Cuauhtemoc,21
,Del Valle Centro,3
Acacias,Del Valle Centro,820
Actipan,Del Valle Centro,1181
Ampliacion Granada,Del Valle Centro,17934
Ampliacion Napoles,Del Valle Centro,665
Anzures,Del Valle Centro,212
Bosque de Chapultepec,Del Valle Centro,77
Buenavista,Del Valle Centro,144
Centro,Del Valle Centro,229
Ciudad de los Deportes,Del Valle Centro,942
Condesa,Del Valle Centro,780
Cuauhtemoc,Del Valle Centro,479
Del Valle Centro,Del Valle Centro,25325
Del Valle Norte,Del Valle Centro,10427
Del Valle Sur,Del Valle Centro,15745
Doctores,Del Valle Centro,65
Escandon,Del Valle Centro,1127
Extremadura Insurgentes,Del Valle Centro,641
General Pedro Maria Anaya,Del Valle Centro,873
Granada,Del Valle Centro,23
Hipodromo,Del Valle Centro,2710
Hipodromo Condesa,Del Valle Centro,776
Insurgentes Mixcoac,Del Valle Centro,1869
Insurgentes San Borja,Del Valle Centro,2455
Juarez,Del Valle Centro,1142
Letran Valle,Del Valle Centro,1124
Napoles,Del Valle Centro,1825
Narvarte Poniente,Del Valle Centro,11550
Noche Buena,Del Valle Centro,516
Polanco,Del Valle Centro,781
Portales Norte,Del Valle Centro,976
Residencial Emperadores,Del Valle Centro,410
Roma Norte,Del Valle Centro,2455
Roma Sur,Del Valle Centro,1032
San Miguel Chapultepec,Del Valle Centro,307
San Pedro de los Pinos,Del Valle Centro,1088
San Rafael,Del Valle Centro,170
Santa Cruz Atoyac,Del Valle Centro,2246
Santa Maria Nonoalco,Del Valle Centro,1332
Tabacalera,Del Valle Centro,40
Tlacoquemecatl,Del Valle Centro,5732
Xoco,Del Valle Centro,233
,Del Valle Norte,26
Acacias,Del Valle Norte,859
Actipan,Del Valle Norte,986
Ampliacion Granada,Del Valle Norte,31536
Ampliacion Napoles,Del Valle Norte,1103
Anzures,Del Valle Norte,508
Bosque de Chapultepec,Del Valle Norte,420
Buenavista,Del Valle Norte,917
Centro,Del Valle Norte,1021
Ciudad de los Deportes,Del Valle Norte,965
Condesa,Del Valle Norte,3188
Cuauhtemoc,Del Valle Norte,1829
Del Valle Centro,Del Valle Norte,9792
Del Valle Norte,Del Valle Norte,39354
Del Valle Sur,Del Valle Norte,10424
Doctores,Del Valle Norte,239
Escandon,Del Valle Norte,4045
Extremadura Insurgentes,Del Valle Norte,310
General Pedro Maria Anaya,Del Valle Norte,627
Granada,Del Valle Norte,171
Hipodromo,Del Valle Norte,9463
Hipodromo Condesa,Del Valle Norte,1503
Insurgentes Mixcoac,Del Valle Norte,2114
Insurgentes San Borja,Del Valle Norte,1758
Juarez,Del Valle Norte,3766
Letran Valle,Del Valle Norte,1461
Napoles,Del Valle Norte,5839
Narvarte Poniente,Del Valle Norte,31104
Noche Buena,Del Valle Norte,206
Polanco,Del Valle Norte,2591
Portales Norte,Del Valle Norte,941
Residencial Emperadores,Del Valle Norte,283
Roma Norte,Del Valle Norte,9503
Roma Sur,Del Valle Norte,6652
San Miguel Chapultepec,Del Valle Norte,1339
San Pedro de los Pinos,Del Valle Norte,3979
San Rafael,Del Valle Norte,581
Santa Cruz Atoyac,Del Valle Norte,1587
Santa Maria Nonoalco,Del Valle Norte,350
Tabacalera,Del Valle Norte,257
Tlacoquemecatl,Del Valle Norte,5462
Xoco,Del Valle Norte,274
,Del Valle Sur,6
Acacias,Del Valle Sur,5834
Actipan,Del Valle Sur,5221
Ampliacion Granada,Del Valle Sur,24353
Ampliacion Napoles,Del Valle Sur,1429
Anzures,Del Valle Sur,161
Bosque de Chapultepec,Del Valle Sur,141
Buenavista,Del Valle Sur,95
Centro,Del Valle Sur,310
Ciudad de los Deportes,Del Valle Sur,2277
Condesa,Del Valle Sur,512
Cuauhtemoc,Del Valle Sur,384
Del Valle Centro,Del Valle Sur,17007
Del Valle Norte,Del Valle Sur,9353
Del Valle Sur,Del Valle Sur,50491
Doctores,Del Valle Sur,68
Escandon,Del Valle Sur,1120
Extremadura Insurgentes,Del Valle Sur,1433
General Pedro Maria Anaya,Del Valle Sur,2325
Granada,Del Valle Sur,39
Hipodromo,Del Valle Sur,2063
Hipodromo Condesa,Del Valle Sur,251
Insurgentes Mixcoac,Del Valle Sur,12981
Insurgentes San Borja,Del Valle Sur,3152
Juarez,Del Valle Sur,829
Letran Valle,Del Valle Sur,2011
Napoles,Del Valle Sur,3411
Narvarte Poniente,Del Valle Sur,4629
Noche Buena,Del Valle Sur,992
Polanco,Del Valle Sur,491
Portales Norte,Del Valle Sur,1544
Residencial Emperadores,Del Valle Sur,2182
Roma Norte,Del Valle Sur,1806
Roma Sur,Del Valle Sur,934
San Miguel Chapultepec,Del Valle Sur,453
San Pedro de los Pinos,Del Valle Sur,1441
San Rafael,Del Valle Sur,108
Santa Cruz Atoyac,Del Valle Sur,7010
Santa Maria Nonoalco,Del Valle Sur,923
Tabacalera,Del Valle Sur,85
Tlacoquemecatl,Del Valle Sur,14487
Xoco,Del Valle Sur,1112
,Doctores,301
Acacias,Doctores,8
Actipan,Doctores,74
Ampliacion Granada,Doctores,7490
Ampliacion Napoles,Doctores,16
Anzures,Doctores,175
Bosque de Chapultepec,Doctores,188
Buenavista,Doctores,524
Centro,Doctores,9709
Ciudad de los Deportes,Doctores,14
Condesa,Doctores,358
Cuauhtemoc,Doctores,1868
Del Valle Centro,Doctores,80
Del Valle Norte,Doctores,310
Del Valle Sur,Doctores,52
Doctores,Doctores,1716
Escandon,Doctores,159
Extremadura Insurgentes,Doctores,2
General Pedro Maria Anaya,Doctores,139
Granada,Doctores,65
Hipodromo,Doctores,1190
Hipodromo Condesa,Doctores,122
Insurgentes Mixcoac,Doctores,19
Insurgentes San Borja,Doctores,23
Juarez,Doctores,5303
Letran Valle,Doctores,16
Napoles,Doctores,179
Narvarte Poniente,Doctores,593
Noche Buena,Doctores,1
Polanco,Doctores,1092
Portales Norte,Doctores,18
Residencial Emperadores,Doctores,15
Roma Norte,Doctores,7389
Roma Sur,Doctores,912
San Miguel Chapultepec,Doctores,160
San Pedro de los Pinos,Doctores,43
San Rafael,Doctores,706
Santa Cruz Atoyac,Doctores,72
Santa Maria Nonoalco,Doctores,4
Tabacalera,Doctores,975
Tlacoquemecatl,Doctores,41
Xoco,Doctores,8
,Escandon,12
Acacias,Escandon,228
Actipan,Escandon,178
Ampliacion Granada,Escandon,31162
Ampliacion Napoles,Escandon,1346
Anzures,Escandon,745
Bosque de Chapultepec,Escandon,854
Buenavista,Escandon,512
Centro,Escandon,1301
Ciudad de los Deportes,Escandon,1069
Condesa,Escandon,7138
Cuauhtemoc,Escandon,2288
Del Valle Centro,Escandon,906
Del Valle Norte,Escandon,2829
Del Valle Sur,Escandon,1281
Doctores,Escandon,65
Escandon,Escandon,33761
Extremadura Insurgentes,Escandon,242
General Pedro Maria Anaya,Escandon,167
Granada,Escandon,390
Hipodromo,Escandon,19481
Hipodromo Condesa,Escandon,4056
Insurgentes Mixcoac,Escandon,2805
Insurgentes San Borja,Escandon,267
Juarez,Escandon,4795
Letran Valle,Escandon,114
Napoles,Escandon,5960
Narvarte Poniente,Escandon,1468
Noche Buena,Escandon,132
Polanco,Escandon,5096
Portales Norte,Escandon,92
Residencial Emperadores,Escandon,71
Roma Norte,Escandon,10323
Roma Sur,Escandon,3565
San Miguel Chapultepec,Escandon,10573
San Pedro de los Pinos,Escandon,3528
San Rafael,Escandon,551
Santa Cruz Atoyac,Escandon,259
Santa Maria Nonoalco,Escandon,1032
Tabacalera,Escandon,420
Tlacoquemecatl,Escandon,630
Xoco,Escandon,76
,Extremadura Insurgentes,0
Acacias,Extremadura Insurgentes,134
Actipan,Extremadura Insurgentes,143
Ampliacion Granada,Extremadura Insurgentes,2646
Ampliacion Napoles,Extremadura Insurgentes,458
Anzures,Extremadura Insurgentes,2
Bosque de Chapultepec,Extremadura Insurgentes,5
Buenavista,Extremadura Insurgentes,0
Centro,Extremadura Insurgentes,4
Ciudad de los Deportes,Extremadura Insurgentes,947
Condesa,Extremadura Insurgentes,264
Cuauhtemoc,Extremadura Insurgentes,7
Del Valle Centro,Extremadura Insurgentes,827
Del Valle Norte,Extremadura Insurgentes,144
Del Valle Sur,Extremadura Insurgentes,1198
Doctores,Extremadura Insurgentes,0
Escandon,Extremadura Insurgentes,175
Extremadura Insurgentes,Extremadura Insurgentes,633
General Pedro Maria Anaya,Extremadura Insurgentes,50
Granada,Extremadura Insurgentes,1
Hipodromo,Extremadura Insurgentes,168
Hipodromo Condesa,Extremadura Insurgentes,57
Insurgentes Mixcoac,Extremadura Insurgentes,2664
Insurgentes San Borja,Extremadura Insurgentes,201
Juarez,Extremadura Insurgentes,29
Letran Valle,Extremadura Insurgentes,23
Napoles,Extremadura Insurgentes,465
Narvarte Poniente,Extremadura Insurgentes,107
Noche Buena,Extremadura Insurgentes,248
Polanco,Extremadura Insurgentes,25
Portales Norte,Extremadura Insurgentes,42
Residencial Emperadores,Extremadura Insurgentes,13
Roma Norte,Extremadura Insurgentes,79
Roma Sur,Extremadura Insurgentes,21
San Miguel Chapultepec,Extremadura Insurgentes,115
San Pedro de los Pinos,Extremadura Insurgentes,175
San Rafael,Extremadura Insurgentes,1
Santa Cruz Atoyac,Extremadura Insurgentes,55
Santa Maria Nonoalco,Extremadura Insurgentes,386
Tabacalera,Extremadura Insurgentes,2
Tlacoquemecatl,Extremadura Insurgentes,962
Xoco,Extremadura Insurgentes,18
,General Pedro Maria Anaya,3
Acacias,General Pedro Maria Anaya,659
Actipan,General Pedro Maria Anaya,670
Ampliacion Granada,General Pedro Maria Anaya,8573
Ampliacion Napoles,General Pedro Maria Anaya,60
Anzures,General Pedro Maria Anaya,13
Bosque de Chapultepec,General Pedro Maria Anaya,4
Buenavista,General Pedro Maria Anaya,4
Centro,General Pedro Maria Anaya,125
Ciudad de los Deportes,General Pedro Maria Anaya,79
Condesa,General Pedro Maria Anaya,114
Cuauhtemoc,General Pedro Maria Anaya,71
Del Valle Centro,General Pedro Maria Anaya,955
Del Valle Norte,General Pedro Maria Anaya,926
Del Valle Sur,General Pedro Maria Anaya,3033
Doctores,General Pedro Maria Anaya,4
Escandon,General Pedro Maria Anaya,271
Extremadura Insurgentes,General Pedro Maria Anaya,44
General Pedro Maria Anaya,General Pedro Maria Anaya,3767
Granada,General Pedro Maria Anaya,1
Hipodromo,General Pedro Maria Anaya,289
Hipodromo Condesa,General Pedro Maria Anaya,62
Insurgentes Mixcoac,General Pedro Maria Anaya,701
Insurgentes San Borja,General Pedro Maria Anaya,88
Juarez,General Pedro Maria Anaya,324
Letran Valle,General Pedro Maria Anaya,608
Napoles,General Pedro Maria Anaya,328
Narvarte Poniente,General Pedro Maria Anaya,1061
Noche Buena,General Pedro Maria Anaya,42
Polanco,General Pedro Maria Anaya,62
Portales Norte,General Pedro Maria Anaya,768
Residencial Emperadores,General Pedro Maria Anaya,599
Roma Norte,General Pedro Maria Anaya,518
Roma Sur,General Pedro Maria Anaya,313
San Miguel Chapultepec,General Pedro Maria Anaya,44
San Pedro de los Pinos,General Pedro Maria Anaya,159
San Rafael,General Pedro Maria Anaya,26
Santa Cruz Atoyac,General Pedro Maria Anaya,4244
Santa Maria Nonoalco,General Pedro Maria Anaya,64
Tabacalera,General Pedro Maria Anaya,12
Tlacoquemecatl,General Pedro Maria Anaya,502
Xoco,General Pedro Maria Anaya,2474
,Granada,1
Acacias,Granada,0
Actipan,Granada,2
Ampliacion Granada,Granada,10379
Ampliacion Napoles,Granada,4
Anzures,Granada,1175
Bosque de Chapultepec,Granada,705
Buenavista,Granada,1328
Centro,Granada,701
Ciudad de los Deportes,Granada,24
Condesa,Granada,279
Cuauhtemoc,Granada,1282
Del Valle Centro,Granada,9
Del Valle Norte,Granada,298
Del Valle Sur,Granada,3
Doctores,Granada,105
Escandon,Granada,231
Extremadura Insurgentes,Granada,9
General Pedro Maria Anaya,Granada,0
Granada,Granada,5108
Hipodromo,Granada,621
Hipodromo Condesa,Granada,48
Insurgentes Mixcoac,Granada,13
Insurgentes San Borja,Granada,2
Juarez,Granada,1523
Letran Valle,Granada,3
Napoles,Granada,23
Narvarte Poniente,Granada,53
Noche Buena,Granada,0
Polanco,Granada,26364
Portales Norte,Granada,0
Residencial Emperadores,Granada,0
Roma Norte,Granada,1139
Roma Sur,Granada,225
San Miguel Chapultepec,Granada,267
San Pedro de los Pinos,Granada,11
San Rafael,Granada,766
Santa Cruz Atoyac,Granada,7
Santa Maria Nonoalco,Granada,85
Tabacalera,Granada,287
Tlacoquemecatl,Granada,1
Xoco,Granada,0
,Hipodromo,115
Acacias,Hipodromo,456
Actipan,Hipodromo,244
Ampliacion Granada,Hipodromo,97194
Ampliacion Napoles,Hipodromo,1148
Anzures,Hipodromo,2943
Bosque de Chapultepec,Hipodromo,2781
Buenavista,Hipodromo,2343
Centro,Hipodromo,4984
Ciudad de los Deportes,Hipodromo,1016
Condesa,Hipodromo,55883
Cuauhtemoc,Hipodromo,12102
Del Valle Centro,Hipodromo,2158
Del Valle Norte,Hipodromo,9497
Del Valle Sur,Hipodromo,1633
Doctores,Hipodromo,827
Escandon,Hipodromo,29299
Extremadura Insurgentes,Hipodromo,249
General Pedro Maria Anaya,Hipodromo,170
Granada,Hipodromo,927
Hipodromo,Hipodromo,109296
Hipodromo Condesa,Hipodromo,17883
Insurgentes Mixcoac,Hipodromo,1879
Insurgentes San Borja,Hipodromo,421
Juarez,Hipodromo,24837
Letran Valle,Hipodromo,558
Napoles,Hipodromo,7511
Narvarte Poniente,Hipodromo,3961
Noche Buena,Hipodromo,260
Polanco,Hipodromo,16147
Portales Norte,Hipodromo,363
Residencial Emperadores,Hipodromo,129
Roma Norte,Hipodromo,81259
Roma Sur,Hipodromo,19668
San Miguel Chapultepec,Hipodromo,15255
San Pedro de los Pinos,Hipodromo,3530
San Rafael,Hipodromo,3284
Santa Cruz Atoyac,Hipodromo,632
Santa Maria Nonoalco,Hipodromo,773
Tabacalera,Hipodromo,1015
Tlacoquemecatl,Hipodromo,689
Xoco,Hipodromo,109
,Hipodromo Condesa,8
Acacias,Hipodromo Condesa,56
Actipan,Hipodromo Condesa,28
Ampliacion Granada,Hipodromo Condesa,15627
Ampliacion Napoles,Hipodromo Condesa,227
Anzures,Hipodromo Condesa,422
Bosque de Chapultepec,Hipodromo Condesa,494
Buenavista,Hipodromo Condesa,414
Centro,Hipodromo Condesa,738
Ciudad de los Deportes,Hipodromo Condesa,168
Condesa,Hipodromo Condesa,8566
Cuauhtemoc,Hipodromo Condesa,2212
Del Valle Centro,Hipodromo Condesa,278
Del Valle Norte,Hipodromo Condesa,1216
Del Valle Sur,Hipodromo Condesa,356
Doctores,Hipodromo Condesa,58
Escandon,Hipodromo Condesa,5010
Extremadura Insurgentes,Hipodromo Condesa,228
General Pedro Maria Anaya,Hipodromo Condesa,22
Granada,Hipodromo Condesa,91
Hipodromo,Hipodromo Condesa,17406
Hipodromo Condesa,Hipodromo Condesa,4869
Insurgentes Mixcoac,Hipodromo Condesa,561
Insurgentes San Borja,Hipodromo Condesa,57
Juarez,Hipodromo Condesa,3928
Letran Valle,Hipodromo Condesa,49
Napoles,Hipodromo Condesa,1537
Narvarte Poniente,Hipodromo Condesa,618
Noche Buena,Hipodromo Condesa,37
Polanco,Hipodromo Condesa,2957
Portales Norte,Hipodromo Condesa,45
Residencial Emperadores,Hipodromo Condesa,11
Roma Norte,Hipodromo Condesa,11182
Roma Sur,Hipodromo Condesa,2433
San Miguel Chapultepec,Hipodromo Condesa,7470
San Pedro de los Pinos,Hipodromo Condesa,1459
San Rafael,Hipodromo Condesa,322
Santa Cruz Atoyac,Hipodromo Condesa,31
Santa Maria Nonoalco,Hipodromo Condesa,175
Tabacalera,Hipodromo Condesa,174
Tlacoquemecatl,Hipodromo Condesa,185
Xoco,Hipodromo Condesa,18
,Insurgentes Mixcoac,1
Acacias,Insurgentes Mixcoac,1129
Actipan,Insurgentes Mixcoac,1222
Ampliacion Granada,Insurgentes Mixcoac,10042
Ampliacion Napoles,Insurgentes Mixcoac,1597
Anzures,Insurgentes Mixcoac,248
Bosque de Chapultepec,Insurgentes Mixcoac,146
Buenavista,Insurgentes Mixcoac,75
Centro,Insurgentes Mixcoac,126
Ciudad de los Deportes,Insurgentes Mixcoac,2483
Condesa,Insurgentes Mixcoac,521
Cuauhtemoc,Insurgentes Mixcoac,316
Del Valle Centro,Insurgentes Mixcoac,1367
Del Valle Norte,Insurgentes Mixcoac,1562
Del Valle Sur,Insurgentes Mixcoac,9735
Doctores,Insurgentes Mixcoac,94
Escandon,Insurgentes Mixcoac,1450
Extremadura Insurgentes,Insurgentes Mixcoac,2922
General Pedro Maria Anaya,Insurgentes Mixcoac,473
Granada,Insurgentes Mixcoac,6
Hipodromo,Insurgentes Mixcoac,1320
Hipodromo Condesa,Insurgentes Mixcoac,431
Insurgentes Mixcoac,Insurgentes Mixcoac,22618
Insurgentes San Borja,Insurgentes Mixcoac,765
Juarez,Insurgentes Mixcoac,708
Letran Valle,Insurgentes Mixcoac,251
Napoles,Insurgentes Mixcoac,3583
Narvarte Poniente,Insurgentes Mixcoac,796
Noche Buena,Insurgentes Mixcoac,1972
Polanco,Insurgentes Mixcoac,616
Portales Norte,Insurgentes Mixcoac,315
Residencial Emperadores,Insurgentes Mixcoac,397
Roma Norte,Insurgentes Mixcoac,831
Roma Sur,Insurgentes Mixcoac,271
San Miguel Chapultepec,Insurgentes Mixcoac,933
San Pedro de los Pinos,Insurgentes Mixcoac,2008
San Rafael,Insurgentes Mixcoac,85
Santa Cruz Atoyac,Insurgentes Mixcoac,1076
Santa Maria Nonoalco,Insurgentes Mixcoac,1147
Tabacalera,Insurgentes Mixcoac,32
Tlacoquemecatl,Insurgentes Mixcoac,3545
Xoco,Insurgentes Mixcoac,184
,Insurgentes San Borja,8
Acacias,Insurgentes San Borja,211
Actipan,Insurgentes San Borja,147
Ampliacion Granada,Insurgentes San Borja,3172
Ampliacion Napoles,Insurgentes San Borja,99
Anzures,Insurgentes San Borja,10
Bosque de Chapultepec,Insurgentes San Borja,11
Buenavista,Insurgentes San Borja,62
Centro,Insurgentes San Borja,26
Ciudad de los Deportes,Insurgentes San Borja,604
Condesa,Insurgentes San Borja,118
Cuauhtemoc,Insurgentes San Borja,43
Del Valle Centro,Insurgentes San Borja,3491
Del Valle Norte,Insurgentes San Borja,1628
Del Valle Sur,Insurgentes San Borja,2609
Doctores,Insurgentes San Borja,16
Escandon,Insurgentes San Borja,204
Extremadura Insurgentes,Insurgentes San Borja,383
General Pedro Maria Anaya,Insurgentes San Borja,54
Granada,Insurgentes San Borja,7
Hipodromo,Insurgentes San Borja,433
Hipodromo Condesa,Insurgentes San Borja,48
Insurgentes Mixcoac,Insurgentes San Borja,1000
Insurgentes San Borja,Insurgentes San Borja,1332
Juarez,Insurgentes San Borja,222
Letran Valle,Insurgentes San Borja,66
Napoles,Insurgentes San Borja,551
Narvarte Poniente,Insurgentes San Borja,638
Noche Buena,Insurgentes San Borja,175
Polanco,Insurgentes San Borja,288
Portales Norte,Insurgentes San Borja,73
Residencial Emperadores,Insurgentes San Borja,97
Roma Norte,Insurgentes San Borja,255
Roma Sur,Insurgentes San Borja,279
San Miguel Chapultepec,Insurgentes San Borja,47
San Pedro de los Pinos,Insurgentes San Borja,198
San Rafael,Insurgentes San Borja,89
Santa Cruz Atoyac,Insurgentes San Borja,111
Santa Maria Nonoalco,Insurgentes San Borja,750
Tabacalera,Insurgentes San Borja,11
Tlacoquemecatl,Insurgentes San Borja,2104
Xoco,Insurgentes San Borja,21
,Juarez,1238
Acacias,Juarez,148
Actipan,Juarez,394
Ampliacion Granada,Juarez,167331
Ampliacion Napoles,Juarez,466
Anzures,Juarez,10637
Bosque de Chapultepec,Juarez,16310
Buenavista,Juarez,25604
Centro,Juarez,63119
Ciudad de los Deportes,Juarez,467
Condesa,Juarez,18951
Cuauhtemoc,Juarez,84097
Del Valle Centro,Juarez,1428
Del Valle Norte,Juarez,4434
Del Valle Sur,Juarez,738
Doctores,Juarez,4961
Escandon,Juarez,6664
Extremadura Insurgentes,Juarez,51
General Pedro Maria Anaya,Juarez,141
Granada,Juarez,2929
Hipodromo,Juarez,24664
Hipodromo Condesa,Juarez,3933
Insurgentes Mixcoac,Juarez,1051
Insurgentes San Borja,Juarez,351
Juarez,Juarez,174040
Letran Valle,Juarez,369
Napoles,Juarez,3302
Narvarte Poniente,Juarez,4843
Noche Buena,Juarez,97
Polanco,Juarez,49554
Portales Norte,Juarez,233
Residencial Emperadores,Juarez,100
Roma Norte,Juarez,102392
Roma Sur,Juarez,15220
San Miguel Chapultepec,Juarez,7389
San Pedro de los Pinos,Juarez,1803
San Rafael,Juarez,33096
Santa Cruz Atoyac,Juarez,199
Santa Maria Nonoalco,Juarez,446
Tabacalera,Juarez,16903
Tlacoquemecatl,Juarez,496
Xoco,Juarez,98
,Letran Valle,8
Acacias,Letran Valle,186
Actipan,Letran Valle,202
Ampliacion Granada,Letran Valle,2795
Ampliacion Napoles,Letran Valle,59
Anzures,Letran Valle,35
Bosque de Chapultepec,Letran Valle,27
Buenavista,Letran Valle,17
Centro,Letran Valle,213
Ciudad de los Deportes,Letran Valle,97
Condesa,Letran Valle,265
Cuauhtemoc,Letran Valle,173
Del Valle Centro,Letran Valle,1391
Del Valle Norte,Letran Valle,1591
Del Valle Sur,Letran Valle,2264
Doctores,Letran Valle,21
Escandon,Letran Valle,158
Extremadura Insurgentes,Letran Valle,31
General Pedro Maria Anaya,Letran Valle,639
Granada,Letran Valle,5
Hipodromo,Letran Valle,592
Hipodromo Condesa,Letran Valle,95
Insurgentes Mixcoac,Letran Valle,637
Insurgentes San Borja,Letran Valle,274
Juarez,Letran Valle,414
Letran Valle,Letran Valle,2083
Napoles,Letran Valle,255
Narvarte Poniente,Letran Valle,1472
Noche Buena,Letran Valle,72
Polanco,Letran Valle,221
Portales Norte,Letran Valle,1171
Residencial Emperadores,Letran Valle,346
Roma Norte,Letran Valle,944
Roma Sur,Letran Valle,265
San Miguel Chapultepec,Letran Valle,137
San Pedro de los Pinos,Letran Valle,207
San Rafael,Letran Valle,18
Santa Cruz Atoyac,Letran Valle,1854
Santa Maria Nonoalco,Letran Valle,55
Tabacalera,Letran Valle,30
Tlacoquemecatl,Letran Valle,830
Xoco,Letran Valle,237
,Napoles,15
Acacias,Napoles,267
Actipan,Napoles,396
Ampliacion Granada,Napoles,24168
Ampliacion Napoles,Napoles,4193
Anzures,Napoles,419
Bosque de Chapultepec,Napoles,154
Buenavista,Napoles,1185
Centro,Napoles,523
Ciudad de los Deportes,Napoles,3459
Condesa,Napoles,2554
Cuauhtemoc,Napoles,1405
Del Valle Centro,Napoles,1993
Del Valle Norte,Napoles,7846
Del Valle Sur,Napoles,3559
Doctores,Napoles,112
Escandon,Napoles,6161
Extremadura Insurgentes,Napoles,656
General Pedro Maria Anaya,Napoles,287
Granada,Napoles,101
Hipodromo,Napoles,9052
Hipodromo Condesa,Napoles,1292
Insurgentes Mixcoac,Napoles,3196
Insurgentes San Borja,Napoles,674
Juarez,Napoles,2616
Letran Valle,Napoles,264
Napoles,Napoles,16301
Narvarte Poniente,Napoles,3907
Noche Buena,Napoles,550
Polanco,Napoles,1275
Portales Norte,Napoles,444
Residencial Emperadores,Napoles,110
Roma Norte,Napoles,5556
Roma Sur,Napoles,2474
San Miguel Chapultepec,Napoles,1426
San Pedro de los Pinos,Napoles,12525
San Rafael,Napoles,592
Santa Cruz Atoyac,Napoles,300
Santa Maria Nonoalco,Napoles,2235
Tabacalera,Napoles,290
Tlacoquemecatl,Napoles,1952
Xoco,Napoles,67
,Narvarte Poniente,60
Acacias,Narvarte Poniente,600
Actipan,Narvarte Poniente,830
Ampliacion Granada,Narvarte Poniente,26187
Ampliacion Napoles,Narvarte Poniente,895
Anzures,Narvarte Poniente,904
Bosque de Chapultepec,Narvarte Poniente,456
Buenavista,Narvarte Poniente,506
Centro,Narvarte Poniente,2921
Ciudad de los Deportes,Narvarte Poniente,686
Condesa,Narvarte Poniente,2239
Cuauhtemoc,Narvarte Poniente,2659
Del Valle Centro,Narvarte Poniente,11246
Del Valle Norte,Narvarte Poniente,30339
Del Valle Sur,Narvarte Poniente,5608
Doctores,Narvarte Poniente,544
Escandon,Narvarte Poniente,2363
Extremadura Insurgentes,Narvarte Poniente,189
General Pedro Maria Anaya,Narvarte Poniente,1147
Granada,Narvarte Poniente,255
Hipodromo,Narvarte Poniente,4833
Hipodromo Condesa,Narvarte Poniente,979
Insurgentes Mixcoac,Narvarte Poniente,1385
Insurgentes San Borja,Narvarte Poniente,883
Juarez,Narvarte Poniente,6887
Letran Valle,Narvarte Poniente,1699
Napoles,Narvarte Poniente,4090
Narvarte Poniente,Narvarte Poniente,26327
Noche Buena,Narvarte Poniente,229
Polanco,Narvarte Poniente,2983
Portales Norte,Narvarte Poniente,638
Residencial Emperadores,Narvarte Poniente,467
Roma Norte,Narvarte Poniente,17399
Roma Sur,Narvarte Poniente,8393
San Miguel Chapultepec,Narvarte Poniente,1125
San Pedro de los Pinos,Narvarte Poniente,1616
San Rafael,Narvarte Poniente,828
Santa Cruz Atoyac,Narvarte Poniente,2305
Santa Maria Nonoalco,Narvarte Poniente,245
Tabacalera,Narvarte Poniente,623
Tlacoquemecatl,Narvarte Poniente,2391
Xoco,Narvarte Poniente,613
,Noche Buena,1
Acacias,Noche Buena,38
Actipan,Noche Buena,57
Ampliacion Granada,Noche Buena,1190
Ampliacion Napoles,Noche Buena,229
Anzures,Noche Buena,8
Bosque de Chapultepec,Noche Buena,2
Buenavista,Noche Buena,50
Centro,Noche Buena,12
Ciudad de los Deportes,Noche Buena,1062
Condesa,Noche Buena,57
Cuauhtemoc,Noche Buena,31
Del Valle Centro,Noche Buena,559
Del Valle Norte,Noche Buena,189
Del Valle Sur,Noche Buena,919
Doctores,Noche Buena,2
Escandon,Noche Buena,100
Extremadura Insurgentes,Noche Buena,131
General Pedro Maria Anaya,Noche Buena,22
Granada,Noche Buena,0
Hipodromo,Noche Buena,154
Hipodromo Condesa,Noche Buena,13
Insurgentes Mixcoac,Noche Buena,1025
Insurgentes San Borja,Noche Buena,130
Juarez,Noche Buena,75
Letran Valle,Noche Buena,163
Napoles,Noche Buena,557
Narvarte Poniente,Noche Buena,187
Noche Buena,Noche Buena,566
Polanco,Noche Buena,23
Portales Norte,Noche Buena,15
Residencial Emperadores,Noche Buena,0
Roma Norte,Noche Buena,142
Roma Sur,Noche Buena,61
San Miguel Chapultepec,Noche Buena,19
San Pedro de los Pinos,Noche Buena,219
San Rafael,Noche Buena,11
Santa Cruz Atoyac,Noche Buena,75
Santa Maria Nonoalco,Noche Buena,2202
Tabacalera,Noche Buena,12
Tlacoquemecatl,Noche Buena,453
Xoco,Noche Buena,6
,Polanco,88
Acacias,Polanco,16
Actipan,Polanco,12
Ampliacion Granada,Polanco,133218
Ampliacion Napoles,Polanco,184
Anzures,Polanco,24592
Bosque de Chapultepec,Polanco,20697
Buenavista,Polanco,7383
Centro,Polanco,8876
Ciudad de los Deportes,Polanco,95
Condesa,Polanco,8833
Cuauhtemoc,Polanco,27087
Del Valle Centro,Polanco,659
Del Valle Norte,Polanco,2021
Del Valle Sur,Polanco,206
Doctores,Polanco,742
Escandon,Polanco,3607
Extremadura Insurgentes,Polanco,23
General Pedro Maria Anaya,Polanco,47
Granada,Polanco,27038
Hipodromo,Polanco,12656
Hipodromo Condesa,Polanco,2589
Insurgentes Mixcoac,Polanco,315
Insurgentes San Borja,Polanco,188
Juarez,Polanco,25921
Letran Valle,Polanco,67
Napoles,Polanco,778
Narvarte Poniente,Polanco,1002
Noche Buena,Polanco,16
Polanco,Polanco,394813
Portales Norte,Polanco,63
Residencial Emperadores,Polanco,2
Roma Norte,Polanco,21310
Roma Sur,Polanco,4307
San Miguel Chapultepec,Polanco,9905
San Pedro de los Pinos,Polanco,608
San Rafael,Polanco,7385
Santa Cruz Atoyac,Polanco,66
Santa Maria Nonoalco,Polanco,70
Tabacalera,Polanco,2367
Tlacoquemecatl,Polanco,97
Xoco,Polanco,4
,Portales Norte,2
Acacias,Portales Norte,85
Actipan,Portales Norte,107
Ampliacion Granada,Portales Norte,1384
Ampliacion Napoles,Portales Norte,67
Anzures,Portales Norte,129
Bosque de Chapultepec,Portales Norte,16
Buenavista,Portales Norte,5
Centro,Portales Norte,135
Ciudad de los Deportes,Portales Norte,38
Condesa,Portales Norte,101
Cuauhtemoc,Portales Norte,162
Del Valle Centro,Portales Norte,1016
Del Valle Norte,Portales Norte,747
Del Valle Sur,Portales Norte,1390
Doctores,Portales Norte,7
Escandon,Portales Norte,127
Extremadura Insurgentes,Portales Norte,45
General Pedro Maria Anaya,Portales Norte,628
Granada,Portales Norte,1
Hipodromo,Portales Norte,609
Hipodromo Condesa,Portales Norte,134
Insurgentes Mixcoac,Portales Norte,516
Insurgentes San Borja,Portales Norte,96
Juarez,Portales Norte,287
Letran Valle,Portales Norte,870
Napoles,Portales Norte,227
Narvarte Poniente,Portales Norte,601
Noche Buena,Portales Norte,26
Polanco,Portales Norte,137
Portales Norte,Portales Norte,1456
Residencial Emperadores,Portales Norte,165
Roma Norte,Portales Norte,380
Roma Sur,Portales Norte,148
San Miguel Chapultepec,Portales Norte,187
San Pedro de los Pinos,Portales Norte,69
San Rafael,Portales Norte,25
Santa Cruz Atoyac,Portales Norte,1371
Santa Maria Nonoalco,Portales Norte,20
Tabacalera,Portales Norte,19
Tlacoquemecatl,Portales Norte,360
Xoco,Portales Norte,158
,Residencial Emperadores,1
Acacias,Residencial Emperadores,152
Actipan,Residencial Emperadores,152
Ampliacion Granada,Residencial Emperadores,1697
Ampliacion Napoles,Residencial Emperadores,27
Anzures,Residencial Emperadores,0
Bosque de Chapultepec,Residencial Emperadores,48
Buenavista,Residencial Emperadores,4
Centro,Residencial Emperadores,47
Ciudad de los Deportes,Residencial Emperadores,58
Condesa,Residencial Emperadores,78
Cuauhtemoc,Residencial Emperadores,47
Del Valle Centro,Residencial Emperadores,539
Del Valle Norte,Residencial Emperadores,371
Del Valle Sur,Residencial Emperadores,2736
Doctores,Residencial Emperadores,1
Escandon,Residencial Emperadores,81
Extremadura Insurgentes,Residencial Emperadores,19
General Pedro Maria Anaya,Residencial Emperadores,575
Granada,Residencial Emperadores,0
Hipodromo,Residencial Emperadores,205
Hipodromo Condesa,Residencial Emperadores,23
Insurgentes Mixcoac,Residencial Emperadores,683
Insurgentes San Borja,Residencial Emperadores,78
Juarez,Residencial Emperadores,184
Letran Valle,Residencial Emperadores,422
Napoles,Residencial Emperadores,153
Narvarte Poniente,Residencial Emperadores,648
Noche Buena,Residencial Emperadores,9
Polanco,Residencial Emperadores,29
Portales Norte,Residencial Emperadores,175
Residencial Emperadores,Residencial Emperadores,336
Roma Norte,Residencial Emperadores,238
Roma Sur,Residencial Emperadores,84
San Miguel Chapultepec,Residencial Emperadores,52
San Pedro de los Pinos,Residencial Emperadores,117
San Rafael,Residencial Emperadores,13
Santa Cruz Atoyac,Residencial Emperadores,1430
Santa Maria Nonoalco,Residencial Emperadores,18
Tabacalera,Residencial Emperadores,14
Tlacoquemecatl,Residencial Emperadores,1008
Xoco,Residencial Emperadores,283
,Roma Norte,694
Acacias,Roma Norte,276
Actipan,Roma Norte,407
Ampliacion Granada,Roma Norte,152109
Ampliacion Napoles,Roma Norte,971
Anzures,Roma Norte,6344
Bosque de Chapultepec,Roma Norte,5560
Buenavista,Roma Norte,10581
Centro,Roma Norte,29647
Ciudad de los Deportes,Roma Norte,829
Condesa,Roma Norte,48638
Cuauhtemoc,Roma Norte,36734
Del Valle Centro,Roma Norte,2550
Del Valle Norte,Roma Norte,11280
Del Valle Sur,Roma Norte,1970
Doctores,Roma Norte,6744
Escandon,Roma Norte,14009
Extremadura Insurgentes,Roma Norte,135
General Pedro Maria Anaya,Roma Norte,400
Granada,Roma Norte,1660
Hipodromo,Roma Norte,85017
Hipodromo Condesa,Roma Norte,12561
Insurgentes Mixcoac,Roma Norte,1374
Insurgentes San Borja,Roma Norte,395
Juarez,Roma Norte,104522
Letran Valle,Roma Norte,571
Napoles,Roma Norte,7094
Narvarte Poniente,Roma Norte,13581
Noche Buena,Roma Norte,191
Polanco,Roma Norte,29025
Portales Norte,Roma Norte,327
Residencial Emperadores,Roma Norte,407
Roma Norte,Roma Norte,346520
Roma Sur,Roma Norte,78712
San Miguel Chapultepec,Roma Norte,11060
San Pedro de los Pinos,Roma Norte,3003
San Rafael,Roma Norte,14136
Santa Cruz Atoyac,Roma Norte,666
Santa Maria Nonoalco,Roma Norte,601
Tabacalera,Roma Norte,7039
Tlacoquemecatl,Roma Norte,991
Xoco,Roma Norte,229
,Roma Sur,56
Acacias,Roma Sur,172
Actipan,Roma Sur,214
Ampliacion Granada,Roma Sur,38436
Ampliacion Napoles,Roma Sur,423
Anzures,Roma Sur,1510
Bosque de Chapultepec,Roma Sur,991
Buenavista,Roma Sur,1029
Centro,Roma Sur,4141
Ciudad de los Deportes,Roma Sur,432
Condesa,Roma Sur,7019
Cuauhtemoc,Roma Sur,4901
Del Valle Centro,Roma Sur,1021
Del Valle Norte,Roma Sur,6024
Del Valle Sur,Roma Sur,960
Doctores,Roma Sur,880
Escandon,Roma Sur,5378
Extremadura Insurgentes,Roma Sur,108
General Pedro Maria Anaya,Roma Sur,258
Granada,Roma Sur,561
Hipodromo,Roma Sur,19239
Hipodromo Condesa,Roma Sur,3777
Insurgentes Mixcoac,Roma Sur,517
Insurgentes San Borja,Roma Sur,237
Juarez,Roma Sur,16168
Letran Valle,Roma Sur,176
Napoles,Roma Sur,2225
Narvarte Poniente,Roma Sur,6811
Noche Buena,Roma Sur,65
Polanco,Roma Sur,6510
Portales Norte,Roma Sur,111
Residencial Emperadores,Roma Sur,80
Roma Norte,Roma Sur,72926
Roma Sur,Roma Sur,66040
San Miguel Chapultepec,Roma Sur,2694
San Pedro de los Pinos,Roma Sur,592
San Rafael,Roma Sur,1396
Santa Cruz Atoyac,Roma Sur,412
Santa Maria Nonoalco,Roma Sur,118
Tabacalera,Roma Sur,1046
Tlacoquemecatl,Roma Sur,547
Xoco,Roma Sur,101
,San Miguel Chapultepec,12
Acacias,San Miguel Chapultepec,66
Actipan,San Miguel Chapultepec,52
Ampliacion Granada,San Miguel Chapultepec,19389
Ampliacion Napoles,San Miguel Chapultepec,157
Anzures,San Miguel Chapultepec,990
Bosque de Chapultepec,San Miguel Chapultepec,2361
Buenavista,San Miguel Chapultepec,457
Centro,San Miguel Chapultepec,1216
Ciudad de los Deportes,San Miguel Chapultepec,178
Condesa,San Miguel Chapultepec,10055
Cuauhtemoc,San Miguel Chapultepec,2827
Del Valle Centro,San Miguel Chapultepec,287
Del Valle Norte,San Miguel Chapultepec,1050
Del Valle Sur,San Miguel Chapultepec,349
Doctores,San Miguel Chapultepec,64
Escandon,San Miguel Chapultepec,7296
Extremadura Insurgentes,San Miguel Chapultepec,143
General Pedro Maria Anaya,San Miguel Chapultepec,24
Granada,San Miguel Chapultepec,262
Hipodromo,San Miguel Chapultepec,12711
Hipodromo Condesa,San Miguel Chapultepec,7027
Insurgentes Mixcoac,San Miguel Chapultepec,419
Insurgentes San Borja,San Miguel Chapultepec,79
Juarez,San Miguel Chapultepec,4744
Letran Valle,San Miguel Chapultepec,34
Napoles,San Miguel Chapultepec,1485
Narvarte Poniente,San Miguel Chapultepec,597
Noche Buena,San Miguel Chapultepec,29
Polanco,San Miguel Chapultepec,9643
Portales Norte,San Miguel Chapultepec,92
Residencial Emperadores,San Miguel Chapultepec,113
Roma Norte,San Miguel Chapultepec,9207
Roma Sur,San Miguel Chapultepec,2383
San Miguel Chapultepec,San Miguel Chapultepec,50677
San Pedro de los Pinos,San Miguel Chapultepec,960
San Rafael,San Miguel Chapultepec,578
Santa Cruz Atoyac,San Miguel Chapultepec,31
Santa Maria Nonoalco,San Miguel Chapultepec,260
Tabacalera,San Miguel Chapultepec,211
Tlacoquemecatl,San Miguel Chapultepec,74
Xoco,San Miguel Chapultepec,4
,San Pedro de los Pinos,0
Acacias,San Pedro de los Pinos,196
Actipan,San Pedro de los Pinos,352
Ampliacion Granada,San Pedro de los Pinos,15092
Ampliacion Napoles,San Pedro de los Pinos,3128
Anzures,San Pedro de los Pinos,115
Bosque de Chapultepec,San Pedro de los Pinos,192
Buenavista,San Pedro de los Pinos,240
Centro,San Pedro de los Pinos,222
Ciudad de los Deportes,San Pedro de los Pinos,1565
Condesa,San Pedro de los Pinos,1125
Cuauhtemoc,San Pedro de los Pinos,485
Del Valle Centro,San Pedro de los Pinos,959
Del Valle Norte,San Pedro de los Pinos,2939
Del Valle Sur,San Pedro de los Pinos,1481
Doctores,San Pedro de los Pinos,20
Escandon,San Pedro de los Pinos,2996
Extremadura Insurgentes,San Pedro de los Pinos,537
General Pedro Maria Anaya,San Pedro de los Pinos,128
Granada,San Pedro de los Pinos,20
Hipodromo,San Pedro de los Pinos,2007
Hipodromo Condesa,San Pedro de los Pinos,1198
Insurgentes Mixcoac,San Pedro de los Pinos,2915
Insurgentes San Borja,San Pedro de los Pinos,228
Juarez,San Pedro de los Pinos,1020
Letran Valle,San Pedro de los Pinos,142
Napoles,San Pedro de los Pinos,9690
Narvarte Poniente,San Pedro de los Pinos,691
Noche Buena,San Pedro de los Pinos,264
Polanco,San Pedro de los Pinos,1156
Portales Norte,San Pedro de los Pinos,110
Residencial Emperadores,San Pedro de los Pinos,35
Roma Norte,San Pedro de los Pinos,1988
Roma Sur,San Pedro de los Pinos,466
San Miguel Chapultepec,San Pedro de los Pinos,1782
San Pedro de los Pinos,San Pedro de los Pinos,8795
San Rafael,San Pedro de los Pinos,62
Santa Cruz Atoyac,San Pedro de los Pinos,254
Santa Maria Nonoalco,San Pedro de los Pinos,893
Tabacalera,San Pedro de los Pinos,103
Tlacoquemecatl,San Pedro de los Pinos,570
Xoco,San Pedro de los Pinos,65
,San Rafael,83
Acacias,San Rafael,3
Actipan,San Rafael,8
Ampliacion Granada,San Rafael,58862
Ampliacion Napoles,San Rafael,180
Anzures,San Rafael,1619
Bosque de Chapultepec,San Rafael,1619
Buenavista,San Rafael,9751
Centro,San Rafael,16615
Ciudad de los Deportes,San Rafael,68
Condesa,San Rafael,1338
Cuauhtemoc,San Rafael,26349
Del Valle Centro,San Rafael,148
Del Valle Norte,San Rafael,584
Del Valle Sur,San Rafael,166
Doctores,San Rafael,875
Escandon,San Rafael,544
Extremadura Insurgentes,San Rafael,7
General Pedro Maria Anaya,San Rafael,25
Granada,San Rafael,1643
Hipodromo,San Rafael,2732
Hipodromo Condesa,San Rafael,321
Insurgentes Mixcoac,San Rafael,121
Insurgentes San Borja,San Rafael,9
Juarez,San Rafael,31096
Letran Valle,San Rafael,18
Napoles,San Rafael,795
Narvarte Poniente,San Rafael,493
Noche Buena,San Rafael,36
Polanco,San Rafael,8557
Portales Norte,San Rafael,12
Residencial Emperadores,San Rafael,18
Roma Norte,San Rafael,12212
Roma Sur,San Rafael,1280
San Miguel Chapultepec,San Rafael,571
San Pedro de los Pinos,San Rafael,88
San Rafael,San Rafael,32204
Santa Cruz Atoyac,San Rafael,20
Santa Maria Nonoalco,San Rafael,121
Tabacalera,San Rafael,4581
Tlacoquemecatl,San Rafael,94
Xoco,San Rafael,12
,Santa Cruz Atoyac,5
Acacias,Santa Cruz Atoyac,1005
Actipan,Santa Cruz Atoyac,1252
Ampliacion Granada,Santa Cruz Atoyac,7128
Ampliacion Napoles,Santa Cruz Atoyac,222
Anzures,Santa Cruz Atoyac,103
Bosque de Chapultepec,Santa Cruz Atoyac,78
Buenavista,Santa Cruz Atoyac,127
Centro,Santa Cruz Atoyac,293
Ciudad de los Deportes,Santa Cruz Atoyac,189
Condesa,Santa Cruz Atoyac,228
Cuauhtemoc,Santa Cruz Atoyac,190
Del Valle Centro,Santa Cruz Atoyac,2630
Del Valle Norte,Santa Cruz Atoyac,1956
Del Valle Sur,Santa Cruz Atoyac,9390
Doctores,Santa Cruz Atoyac,25
Escandon,Santa Cruz Atoyac,542
Extremadura Insurgentes,Santa Cruz Atoyac,125
General Pedro Maria Anaya,Santa Cruz Atoyac,3853
Granada,Santa Cruz Atoyac,3
Hipodromo,Santa Cruz Atoyac,734
Hipodromo Condesa,Santa Cruz Atoyac,57
Insurgentes Mixcoac,Santa Cruz Atoyac,2274
Insurgentes San Borja,Santa Cruz Atoyac,431
Juarez,Santa Cruz Atoyac,472
Letran Valle,Santa Cruz Atoyac,1821
Napoles,Santa Cruz Atoyac,591
Narvarte Poniente,Santa Cruz Atoyac,2190
Noche Buena,Santa Cruz Atoyac,108
Polanco,Santa Cruz Atoyac,205
Portales Norte,Santa Cruz Atoyac,1181
Residencial Emperadores,Santa Cruz Atoyac,1126
Roma Norte,Santa Cruz Atoyac,1007
Roma Sur,Santa Cruz Atoyac,364
San Miguel Chapultepec,Santa Cruz Atoyac,136
San Pedro de los Pinos,Santa Cruz Atoyac,256
San Rafael,Santa Cruz Atoyac,37
Santa Cruz Atoyac,Santa Cruz Atoyac,7999
Santa Maria Nonoalco,Santa Cruz Atoyac,128
Tabacalera,Santa Cruz Atoyac,50
Tlacoquemecatl,Santa Cruz Atoyac,1766
Xoco,Santa Cruz Atoyac,1899
,Santa Maria Nonoalco,0
Acacias,Santa Maria Nonoalco,139
Actipan,Santa Maria Nonoalco,183
Ampliacion Granada,Santa Maria Nonoalco,5042
Ampliacion Napoles,Santa Maria Nonoalco,1083
Anzures,Santa Maria Nonoalco,29
Bosque de Chapultepec,Santa Maria Nonoalco,42
Buenavista,Santa Maria Nonoalco,4
Centro,Santa Maria Nonoalco,66
Ciudad de los Deportes,Santa Maria Nonoalco,2707
Condesa,Santa Maria Nonoalco,322
Cuauhtemoc,Santa Maria Nonoalco,114
Del Valle Centro,Santa Maria Nonoalco,834
Del Valle Norte,Santa Maria Nonoalco,242
Del Valle Sur,Santa Maria Nonoalco,679
Doctores,Santa Maria Nonoalco,5
Escandon,Santa Maria Nonoalco,715
Extremadura Insurgentes,Santa Maria Nonoalco,471
General Pedro Maria Anaya,Santa Maria Nonoalco,57
Granada,Santa Maria Nonoalco,0
Hipodromo,Santa Maria Nonoalco,450
Hipodromo Condesa,Santa Maria Nonoalco,169
Insurgentes Mixcoac,Santa Maria Nonoalco,1553
Insurgentes San Borja,Santa Maria Nonoalco,453
Juarez,Santa Maria Nonoalco,305
Letran Valle,Santa Maria Nonoalco,21
Napoles,Santa Maria Nonoalco,1700
Narvarte Poniente,Santa Maria Nonoalco,225
Noche Buena,Santa Maria Nonoalco,1378
Polanco,Santa Maria Nonoalco,259
Portales Norte,Santa Maria Nonoalco,23
Residencial Emperadores,Santa Maria Nonoalco,23
Roma Norte,Santa Maria Nonoalco,370
Roma Sur,Santa Maria Nonoalco,71
San Miguel Chapultepec,Santa Maria Nonoalco,452
San Pedro de los Pinos,Santa Maria Nonoalco,1036
San Rafael,Santa Maria Nonoalco,6
Santa Cruz Atoyac,Santa Maria Nonoalco,56
Santa Maria Nonoalco,Santa Maria Nonoalco,978
Tabacalera,Santa Maria Nonoalco,6
Tlacoquemecatl,Santa Maria Nonoalco,353
Xoco,Santa Maria Nonoalco,21
,Tabacalera,187
Acacias,Tabacalera,17
Actipan,Tabacalera,72
Ampliacion Granada,Tabacalera,28602
Ampliacion Napoles,Tabacalera,99
Anzures,Tabacalera,645
Bosque de Chapultepec,Tabacalera,1188
Buenavista,Tabacalera,9858
Centro,Tabacalera,18791
Ciudad de los Deportes,Tabacalera,59
Condesa,Tabacalera,759
Cuauhtemoc,Tabacalera,8464
Del Valle Centro,Tabacalera,52
Del Valle Norte,Tabacalera,511
Del Valle Sur,Tabacalera,96
Doctores,Tabacalera,986
Escandon,Tabacalera,542
Extremadura Insurgentes,Tabacalera,8
General Pedro Maria Anaya,Tabacalera,13
Granada,Tabacalera,296
Hipodromo,Tabacalera,1613
Hipodromo Condesa,Tabacalera,241
Insurgentes Mixcoac,Tabacalera,86
Insurgentes San Borja,Tabacalera,26
Juarez,Tabacalera,20380
Letran Valle,Tabacalera,39
Napoles,Tabacalera,452
Narvarte Poniente,Tabacalera,339
Noche Buena,Tabacalera,3
Polanco,Tabacalera,3469
Portales Norte,Tabacalera,14
Residencial Emperadores,Tabacalera,17
Roma Norte,Tabacalera,6752
Roma Sur,Tabacalera,1097
San Miguel Chapultepec,Tabacalera,390
San Pedro de los Pinos,Tabacalera,127
San Rafael,Tabacalera,4371
Santa Cruz Atoyac,Tabacalera,49
Santa Maria Nonoalco,Tabacalera,38
Tabacalera,Tabacalera,5989
Tlacoquemecatl,Tabacalera,122
Xoco,Tabacalera,6
,Tlacoquemecatl,3
Acacias,Tlacoquemecatl,2080
Actipan,Tlacoquemecatl,1373
Ampliacion Granada,Tlacoquemecatl,11049
Ampliacion Napoles,Tlacoquemecatl,598
Anzures,Tlacoquemecatl,38
Bosque de Chapultepec,Tlacoquemecatl,26
Buenavista,Tlacoquemecatl,61
Centro,Tlacoquemecatl,113
Ciudad de los Deportes,Tlacoquemecatl,989
Condesa,Tlacoquemecatl,361
Cuauhtemoc,Tlacoquemecatl,173
Del Valle Centro,Tlacoquemecatl,5752
Del Valle Norte,Tlacoquemecatl,3764
Del Valle Sur,Tlacoquemecatl,16319
Doctores,Tlacoquemecatl,16
Escandon,Tlacoquemecatl,792
Extremadura Insurgentes,Tlacoquemecatl,1233
General Pedro Maria Anaya,Tlacoquemecatl,346
Granada,Tlacoquemecatl,2
Hipodromo,Tlacoquemecatl,781
Hipodromo Condesa,Tlacoquemecatl,165
Insurgentes Mixcoac,Tlacoquemecatl,4424
Insurgentes San Borja,Tlacoquemecatl,1789
Juarez,Tlacoquemecatl,385
Letran Valle,Tlacoquemecatl,647
Napoles,Tlacoquemecatl,1627
Narvarte Poniente,Tlacoquemecatl,1327
Noche Buena,Tlacoquemecatl,521
Polanco,Tlacoquemecatl,89
Portales Norte,Tlacoquemecatl,404
Residencial Emperadores,Tlacoquemecatl,686
Roma Norte,Tlacoquemecatl,853
Roma Sur,Tlacoquemecatl,520
San Miguel Chapultepec,Tlacoquemecatl,286
San Pedro de los Pinos,Tlacoquemecatl,587
San Rafael,Tlacoquemecatl,48
Santa Cruz Atoyac,Tlacoquemecatl,1470
Santa Maria Nonoalco,Tlacoquemecatl,592
Tabacalera,Tlacoquemecatl,22
Tlacoquemecatl,Tlacoquemecatl,8225
Xoco,Tlacoquemecatl,337
,Xoco,0
Acacias,Xoco,413
Actipan,Xoco,400
Ampliacion Granada,Xoco,4189
Ampliacion Napoles,Xoco,41
Anzures,Xoco,6
Bosque de Chapultepec,Xoco,13
Buenavista,Xoco,1
Centro,Xoco,89
Ciudad de los Deportes,Xoco,40
Condesa,Xoco,58
Cuauhtemoc,Xoco,40
Del Valle Centro,Xoco,365
Del Valle Norte,Xoco,338
Del Valle Sur,Xoco,1337
Doctores,Xoco,5
Escandon,Xoco,94
Extremadura Insurgentes,Xoco,28
General Pedro Maria Anaya,Xoco,1283
Granada,Xoco,0
Hipodromo,Xoco,154
Hipodromo Condesa,Xoco,18
Insurgentes Mixcoac,Xoco,393
Insurgentes San Borja,Xoco,97
Juarez,Xoco,111
Letran Valle,Xoco,175
Napoles,Xoco,113
Narvarte Poniente,Xoco,486
Noche Buena,Xoco,20
Polanco,Xoco,15
Portales Norte,Xoco,104
Residencial Emperadores,Xoco,283
Roma Norte,Xoco,267
Roma Sur,Xoco,116
San Miguel Chapultepec,Xoco,26
San Pedro de los Pinos,Xoco,77
San Rafael,Xoco,6
Santa Cruz Atoyac,Xoco,1478
Santa Maria Nonoalco,Xoco,30
Tabacalera,Xoco,8
Tlacoquemecatl,Xoco,382
Xoco,Xoco,868
